target_culture,norm_ged,relation_overlap,subject_role_alignment,object_role_alignment
African_Diaspora,0.22781328824432273,0.13600179580340763,0.4596978021978022,0.7083333333333334
Asian,0.2692506935315523,0.11545543543629685,0.5001098901098902,0.5
European,0.3179353743092133,0.1207805069581686,0.4608058608058608,0.5119047619047619
